Model,Level,Sparsity,Average Leverage Score,Leverage STDev,Performance,is_lotto
mnist_lenet_400_50,0,1.0,0.0037204429811433714,0.0030010923527993044
mnist_lenet_400_50,1,0.7999970068841664,0.004402856065734824,0.002956150052847826
mnist_lenet_400_50,2,0.6399940137683329,0.0050696402216656635,0.0029149260689915624
