Model,Level,Sparsity,Spectral Expansion,Performance,is_lotto
mnist_lenet_50_30,0,1.0,0.42027523726139315
mnist_lenet_50_30,1,0.7999756097560976,0.4193238047932403
mnist_lenet_50_30,2,0.6399512195121951,0.4180485209312427
mnist_lenet_50_30,3,0.5119268292682927,0.26570737377287046
mnist_lenet_50_30,4,0.4095121951219512,0.06390477066277711
mnist_lenet_50_30,5,0.32758536585365855,-0.16962047644852096
mnist_lenet_50_30,6,0.26202439024390245,-0.447171551834211
mnist_lenet_50_30,7,0.20958536585365853,-0.80590236627273
mnist_lenet_50_30,8,0.16763414634146342,-1.6281857253411975
mnist_lenet_50_30,9,0.13407317073170733,-1.6577232207834172
mnist_lenet_50_30,10,0.10721951219512195,-2.008627231649772
mnist_lenet_50_30,11,0.08573170731707318,-2.2690181321835934
mnist_lenet_50_30,12,0.0685609756097561,-2.0644757458857916
mnist_lenet_50_30,13,0.05480487804878049,-2.0378969156964333
mnist_lenet_50_30,14,0.043804878048780485,-1.8868767800396893
mnist_lenet_50_30,15,0.035,-1.6975767517631692
mnist_lenet_50_30,16,0.02797560975609756,-1.4067245251125278
mnist_lenet_50_30,17,0.022341463414634145,-1.2412727970241773
mnist_lenet_50_30,18,0.017829268292682925,-0.431973276194743
mnist_lenet_50_30,19,0.014219512195121952,-0.6328953652827742
